Date,Close
1/20/2017 16:00:00,51.68
1/23/2017 16:00:00,51.07
1/24/2017 16:00:00,51.64
1/25/2017 16:00:00,51.99
1/26/2017 16:00:00,52
1/27/2017 16:00:00,51.47
1/30/2017 16:00:00,50.5
1/31/2017 16:00:00,50.48
2/1/2017 16:00:00,50.15
2/2/2017 16:00:00,50.44
2/3/2017 16:00:00,50.95
2/6/2017 16:00:00,50.43
2/7/2017 16:00:00,49.67
2/8/2017 16:00:00,49.73
2/9/2017 16:00:00,50.24
2/10/2017 16:00:00,50.65
2/13/2017 16:00:00,50.67
2/14/2017 16:00:00,50.89
2/15/2017 16:00:00,50.68
2/16/2017 16:00:00,49.96
2/17/2017 16:00:00,49.67
2/21/2017 16:00:00,50.04
2/22/2017 16:00:00,49.19
2/23/2017 16:00:00,49.37
2/24/2017 16:00:00,48.86
2/27/2017 16:00:00,49.32
2/28/2017 16:00:00,49.13
3/1/2017 16:00:00,50.19
3/2/2017 16:00:00,49.65
3/3/2017 16:00:00,49.49
3/6/2017 16:00:00,49.63
3/7/2017 16:00:00,49.18
3/8/2017 16:00:00,47.85
3/9/2017 16:00:00,48.08
3/10/2017 16:00:00,48.06
3/13/2017 16:00:00,48.1
3/14/2017 16:00:00,47.51
3/15/2017 16:00:00,48.58
3/16/2017 16:00:00,48.29
3/17/2017 16:00:00,48.24
3/20/2017 16:00:00,48.18
3/21/2017 16:00:00,47.76
3/22/2017 16:00:00,47.67
3/23/2017 16:00:00,47.23
3/24/2017 16:00:00,47.04
3/27/2017 16:00:00,46.89
3/28/2017 16:00:00,47.56
3/29/2017 16:00:00,48.22
3/30/2017 16:00:00,48.38
3/31/2017 16:00:00,48.31
4/3/2017 16:00:00,48.19
4/4/2017 16:00:00,48.56
4/5/2017 16:00:00,48.29
4/6/2017 16:00:00,48.72
4/7/2017 16:00:00,48.51
4/10/2017 16:00:00,48.94
4/11/2017 16:00:00,48.91
4/12/2017 16:00:00,48.64
4/13/2017 16:00:00,47.7
4/17/2017 16:00:00,47.79
4/18/2017 16:00:00,47.37
4/19/2017 16:00:00,46.6
4/20/2017 16:00:00,46.77
4/21/2017 16:00:00,46.58
4/24/2017 16:00:00,46.84
4/25/2017 16:00:00,47.34
4/26/2017 16:00:00,47.16
4/27/2017 16:00:00,46.59
4/28/2017 16:00:00,46.6
5/1/2017 16:00:00,46.49
5/2/2017 16:00:00,46.24
5/3/2017 16:00:00,46.36
5/4/2017 16:00:00,45.35
5/5/2017 16:00:00,46.24
5/8/2017 16:00:00,46.57
5/9/2017 16:00:00,46.14
5/10/2017 16:00:00,46.81
5/11/2017 16:00:00,46.71
5/12/2017 16:00:00,46.54
5/15/2017 16:00:00,46.89
5/16/2017 16:00:00,46.69
5/17/2017 16:00:00,46.19
5/18/2017 16:00:00,46.16
5/19/2017 16:00:00,46.81
5/22/2017 16:00:00,46.7
5/23/2017 16:00:00,46.75
5/24/2017 16:00:00,46.52
5/25/2017 16:00:00,45.6
5/26/2017 16:00:00,45.64
5/30/2017 16:00:00,44.98
5/31/2017 16:00:00,44.77
6/1/2017 16:00:00,45.11
6/2/2017 16:00:00,44.53
6/5/2017 16:00:00,44.59
6/6/2017 16:00:00,45.17
6/7/2017 16:00:00,44.32
6/8/2017 16:00:00,44.19
6/9/2017 16:00:00,45.36
6/12/2017 16:00:00,45.65
6/13/2017 16:00:00,46.05
6/14/2017 16:00:00,45.03
6/15/2017 16:00:00,44.6
6/16/2017 16:00:00,45.33
6/19/2017 16:00:00,45.07
6/20/2017 16:00:00,44.47
6/21/2017 16:00:00,43.67
6/22/2017 16:00:00,43.36
6/23/2017 16:00:00,43.79
6/26/2017 16:00:00,43.73
6/27/2017 16:00:00,43.67
6/28/2017 16:00:00,43.94
6/29/2017 16:00:00,44.06
6/30/2017 16:00:00,44.23
7/3/2017 16:00:00,45.15
7/5/2017 16:00:00,44.15
7/6/2017 16:00:00,43.6
7/7/2017 16:00:00,43.53
7/10/2017 16:00:00,43.73
7/11/2017 16:00:00,43.98
7/12/2017 16:00:00,44.11
7/13/2017 16:00:00,44.34
7/14/2017 16:00:00,44.62
7/17/2017 16:00:00,44.56
7/18/2017 16:00:00,44.32
7/19/2017 16:00:00,45.07
7/20/2017 16:00:00,44.83
7/21/2017 16:00:00,44.39
7/24/2017 16:00:00,44.26
7/25/2017 16:00:00,44.89
7/26/2017 16:00:00,44.93
7/27/2017 16:00:00,45.37
7/28/2017 16:00:00,45.28
7/31/2017 16:00:00,45.31
8/1/2017 16:00:00,45.29
8/2/2017 16:00:00,45.1
8/3/2017 16:00:00,44.43
8/4/2017 16:00:00,44.67
8/7/2017 16:00:00,44.23
8/8/2017 16:00:00,44.1
8/9/2017 16:00:00,44.13
8/10/2017 16:00:00,43.62
8/11/2017 16:00:00,43.37
8/14/2017 16:00:00,43.22
8/15/2017 16:00:00,43.01
8/16/2017 16:00:00,42.58
8/17/2017 16:00:00,41.97
8/18/2017 16:00:00,42.26
8/21/2017 16:00:00,41.99
8/22/2017 16:00:00,42.31
8/23/2017 16:00:00,42.52
8/24/2017 16:00:00,42.52
8/25/2017 16:00:00,42.74
8/28/2017 16:00:00,42.53
8/29/2017 16:00:00,42.51
8/30/2017 16:00:00,42.52
8/31/2017 16:00:00,42.82
9/1/2017 16:00:00,43.23
9/5/2017 16:00:00,43.46
9/6/2017 16:00:00,44.16
9/7/2017 16:00:00,44.19
9/8/2017 16:00:00,43.67
9/11/2017 16:00:00,44.12
9/12/2017 16:00:00,44.45
9/13/2017 16:00:00,45.08
9/14/2017 16:00:00,45.27
9/15/2017 16:00:00,45.38
9/18/2017 16:00:00,45.61
9/19/2017 16:00:00,45.76
9/20/2017 16:00:00,46.15
9/21/2017 16:00:00,46.08
9/22/2017 16:00:00,46.33
9/25/2017 16:00:00,47.09
9/26/2017 16:00:00,46.47
9/27/2017 16:00:00,46.69
9/28/2017 16:00:00,46.74
9/29/2017 16:00:00,46.73
10/2/2017 16:00:00,46.72
10/3/2017 16:00:00,46.69
10/4/2017 16:00:00,46.62
10/5/2017 16:00:00,46.84
10/6/2017 16:00:00,46.38
10/9/2017 16:00:00,46.5
10/10/2017 16:00:00,46.54
10/11/2017 16:00:00,46.67
10/12/2017 16:00:00,46.46
10/13/2017 16:00:00,46.43
10/16/2017 16:00:00,46.51
10/17/2017 16:00:00,46.53
10/18/2017 16:00:00,46.17
10/19/2017 16:00:00,45.99
10/20/2017 16:00:00,46.09
10/23/2017 16:00:00,45.71
10/24/2017 16:00:00,45.82
10/25/2017 16:00:00,45.49
10/26/2017 16:00:00,45.6
10/27/2017 16:00:00,45.81
10/30/2017 16:00:00,46.04
10/31/2017 16:00:00,46.28
11/1/2017 16:00:00,46.86
11/2/2017 16:00:00,46.7
11/3/2017 16:00:00,46.91
11/6/2017 16:00:00,48.04
11/7/2017 16:00:00,47.93
11/8/2017 16:00:00,47.71
11/9/2017 16:00:00,47.9
11/10/2017 16:00:00,47.66
11/13/2017 16:00:00,47.31
11/14/2017 16:00:00,46.48
11/15/2017 16:00:00,45.95
11/16/2017 16:00:00,45.81
11/17/2017 16:00:00,46.08
11/20/2017 16:00:00,45.97
11/21/2017 16:00:00,46.08
11/22/2017 16:00:00,46.34
11/24/2017 13:00:00,46.46
11/27/2017 16:00:00,45.9
11/28/2017 16:00:00,46.26
11/29/2017 16:00:00,46.48
11/30/2017 16:00:00,47.26
12/1/2017 16:00:00,47.73
12/4/2017 16:00:00,47.67
12/5/2017 16:00:00,47.41
12/6/2017 16:00:00,46.69
12/7/2017 16:00:00,46.89
12/8/2017 16:00:00,47.32
12/11/2017 16:00:00,47.7
12/12/2017 16:00:00,47.52
12/13/2017 16:00:00,47.12
12/14/2017 16:00:00,46.94
12/15/2017 16:00:00,46.88
12/18/2017 16:00:00,47.29
12/19/2017 16:00:00,47.31
12/20/2017 16:00:00,48.03
12/21/2017 16:00:00,49.1
12/22/2017 16:00:00,49.23
12/26/2017 16:00:00,49.72
12/27/2017 16:00:00,49.54
12/28/2017 16:00:00,49.61
12/29/2017 16:00:00,49.42
1/2/2018 16:00:00,50.32
1/3/2018 16:00:00,51.07
1/4/2018 16:00:00,51.39
1/5/2018 16:00:00,51.34
1/8/2018 16:00:00,51.66
1/9/2018 16:00:00,51.48
1/10/2018 16:00:00,51.43
1/11/2018 16:00:00,52.5
1/12/2018 16:00:00,52.97
1/16/2018 16:00:00,52.28
1/17/2018 16:00:00,52.71
1/18/2018 16:00:00,52.24
1/19/2018 16:00:00,52.22
1/22/2018 16:00:00,53.31
1/23/2018 16:00:00,53.26
1/24/2018 16:00:00,53.11
1/25/2018 16:00:00,52.64
1/26/2018 16:00:00,52.96
1/29/2018 16:00:00,52.1
1/30/2018 16:00:00,50.99
1/31/2018 16:00:00,51
2/1/2018 16:00:00,51.57
2/2/2018 16:00:00,49.43
2/5/2018 16:00:00,47.36
2/6/2018 16:00:00,47.78
2/7/2018 16:00:00,46.92
2/8/2018 16:00:00,45.42
2/9/2018 16:00:00,45.4
2/12/2018 16:00:00,46.21
2/13/2018 16:00:00,45.98
2/14/2018 16:00:00,46.75
2/15/2018 16:00:00,46.66
2/16/2018 16:00:00,46.55
2/20/2018 16:00:00,46.29
2/21/2018 16:00:00,45.51
2/22/2018 16:00:00,46.04
2/23/2018 16:00:00,47.06
2/26/2018 16:00:00,47.35
2/27/2018 16:00:00,46.67
2/28/2018 16:00:00,45.55
3/1/2018 16:00:00,45.54
3/2/2018 16:00:00,45.81
3/5/2018 16:00:00,46.36
3/6/2018 16:00:00,46.36
3/7/2018 16:00:00,45.95
3/8/2018 16:00:00,45.91
3/9/2018 16:00:00,46.8
3/12/2018 16:00:00,46.81
3/13/2018 16:00:00,46.49
3/14/2018 16:00:00,46.21
3/15/2018 16:00:00,45.64
3/16/2018 16:00:00,46.14
3/19/2018 16:00:00,45.29
3/20/2018 16:00:00,45.7
3/21/2018 16:00:00,46.99
3/22/2018 16:00:00,45.98
3/23/2018 16:00:00,45.72
3/26/2018 16:00:00,46.51
3/27/2018 16:00:00,45.99
3/28/2018 16:00:00,45.16
3/29/2018 16:00:00,46.17
4/2/2018 16:00:00,45.18
4/3/2018 16:00:00,46.11
4/4/2018 16:00:00,46.06
4/5/2018 16:00:00,46.97
4/6/2018 16:00:00,46.05
4/9/2018 16:00:00,46.22
4/10/2018 16:00:00,47.83
4/11/2018 16:00:00,48.39
4/12/2018 16:00:00,48.39
4/13/2018 16:00:00,48.94
4/16/2018 16:00:00,49.42
4/17/2018 16:00:00,49.66
4/18/2018 16:00:00,50.51
4/19/2018 16:00:00,50.56
4/20/2018 16:00:00,50.31
4/23/2018 16:00:00,50.63
4/24/2018 16:00:00,50.08
4/25/2018 16:00:00,50.49
4/26/2018 16:00:00,51.22
4/27/2018 16:00:00,50.6
4/30/2018 16:00:00,50.62
5/1/2018 16:00:00,50.35
5/2/2018 16:00:00,50.62
5/3/2018 16:00:00,50.4
5/4/2018 16:00:00,50.73
5/7/2018 16:00:00,50.88
5/8/2018 16:00:00,51.34
5/9/2018 16:00:00,52.36
5/10/2018 16:00:00,52.72
5/11/2018 16:00:00,52.72
5/14/2018 16:00:00,53.1
5/15/2018 16:00:00,53.15
5/16/2018 16:00:00,53.41
5/17/2018 16:00:00,54.26
5/18/2018 16:00:00,53.85
5/21/2018 16:00:00,54.43
5/22/2018 16:00:00,53.65
5/23/2018 16:00:00,53.61
5/24/2018 16:00:00,52.74
5/25/2018 16:00:00,51.33
5/29/2018 16:00:00,51.25
5/30/2018 16:00:00,52.88
5/31/2018 16:00:00,52.42
6/1/2018 16:00:00,52.64
6/4/2018 16:00:00,52.07
6/5/2018 16:00:00,51.95
6/6/2018 16:00:00,52.19
6/7/2018 16:00:00,53.09
6/8/2018 16:00:00,52.92
6/11/2018 16:00:00,53.1
6/12/2018 16:00:00,52.73
6/13/2018 16:00:00,52.52
6/14/2018 16:00:00,52.36
6/15/2018 16:00:00,51.23
6/18/2018 16:00:00,51.87
6/19/2018 16:00:00,51.8
6/20/2018 16:00:00,52.09
6/21/2018 16:00:00,51.05
6/22/2018 16:00:00,52.27
6/25/2018 16:00:00,51.08
6/26/2018 16:00:00,51.86
6/27/2018 16:00:00,52.24
6/28/2018 16:00:00,52.16
6/29/2018 16:00:00,52.45
7/2/2018 16:00:00,51.59
7/3/2018 13:00:00,51.99
7/5/2018 16:00:00,51.92
7/6/2018 16:00:00,52.36
7/9/2018 16:00:00,53.19
7/10/2018 16:00:00,53.52
7/11/2018 16:00:00,52.33
7/12/2018 16:00:00,52.41
7/13/2018 16:00:00,52.67
7/16/2018 16:00:00,52
7/17/2018 16:00:00,51.83
7/18/2018 16:00:00,51.87
7/19/2018 16:00:00,51.89
7/20/2018 16:00:00,51.7
7/23/2018 16:00:00,51.47
7/24/2018 16:00:00,52.1
7/25/2018 16:00:00,52.56
7/26/2018 16:00:00,53.06
7/27/2018 16:00:00,52.71
7/30/2018 16:00:00,53.24
7/31/2018 16:00:00,53.09
8/1/2018 16:00:00,52.4
8/2/2018 16:00:00,52.23
8/3/2018 16:00:00,51.96
8/6/2018 16:00:00,52.19
8/7/2018 16:00:00,52.51
8/8/2018 16:00:00,52.1
8/9/2018 16:00:00,51.66
8/10/2018 16:00:00,51.96
8/13/2018 16:00:00,51.22
8/14/2018 16:00:00,51.4
8/15/2018 16:00:00,49.52
8/16/2018 16:00:00,49.91
8/17/2018 16:00:00,50.09
8/20/2018 16:00:00,50.47
8/21/2018 16:00:00,50.81
8/22/2018 16:00:00,51.47
8/23/2018 16:00:00,51.19
8/24/2018 16:00:00,51.61
8/27/2018 16:00:00,51.96
8/28/2018 16:00:00,51.68
8/29/2018 16:00:00,52.05
8/30/2018 16:00:00,51.88
8/31/2018 16:00:00,51.52
9/4/2018 16:00:00,51.33
9/5/2018 16:00:00,51.2
9/6/2018 16:00:00,50.16
9/7/2018 16:00:00,50.15
9/10/2018 16:00:00,50.14
9/11/2018 16:00:00,50.72
9/12/2018 16:00:00,51.06
9/13/2018 16:00:00,51
9/14/2018 16:00:00,51.28
9/17/2018 16:00:00,51.29
9/18/2018 16:00:00,51.73
9/19/2018 16:00:00,51.99
9/20/2018 16:00:00,51.96
9/21/2018 16:00:00,51.99
9/24/2018 16:00:00,52.77
9/25/2018 16:00:00,53.09
9/26/2018 16:00:00,52.48
9/27/2018 16:00:00,52.59
9/28/2018 16:00:00,52.49
10/1/2018 16:00:00,53.23
10/2/2018 16:00:00,53.24
10/3/2018 16:00:00,53.79
10/4/2018 16:00:00,53.4
10/5/2018 16:00:00,53.36
10/8/2018 16:00:00,53.32
10/9/2018 16:00:00,53.87
10/10/2018 16:00:00,51.84
10/11/2018 16:00:00,50.29
10/12/2018 16:00:00,50.52
10/15/2018 16:00:00,50.2
10/16/2018 16:00:00,50.7
10/17/2018 16:00:00,50.26
10/18/2018 16:00:00,49.9
10/19/2018 16:00:00,49.5
10/22/2018 16:00:00,48.94
10/23/2018 16:00:00,47.55
10/24/2018 16:00:00,45.62
10/25/2018 16:00:00,46.19
10/26/2018 16:00:00,45.82
10/29/2018 16:00:00,44.83
10/30/2018 16:00:00,45.85
10/31/2018 16:00:00,46.18
11/1/2018 16:00:00,46.59
11/2/2018 16:00:00,46.47
11/5/2018 16:00:00,47.26
11/6/2018 16:00:00,47.35
11/7/2018 16:00:00,48.15
11/8/2018 16:00:00,47.01
11/9/2018 16:00:00,46.93
11/12/2018 16:00:00,45.84
11/13/2018 16:00:00,44.72
11/14/2018 16:00:00,44.67
11/15/2018 16:00:00,45.42
11/16/2018 16:00:00,45.87
11/19/2018 16:00:00,45.79
11/20/2018 16:00:00,44.2
11/21/2018 16:00:00,44.96
11/23/2018 13:00:00,43.48
11/26/2018 16:00:00,44.22
11/27/2018 16:00:00,44.04
11/28/2018 16:00:00,44.8
11/29/2018 16:00:00,45.07
11/30/2018 16:00:00,44.86
12/3/2018 16:00:00,45.95
12/4/2018 16:00:00,44.54
12/6/2018 16:00:00,43.67
12/7/2018 16:00:00,43.42
12/10/2018 16:00:00,42.65
12/11/2018 16:00:00,42.65
12/12/2018 16:00:00,42.49
12/13/2018 16:00:00,42.61
12/14/2018 16:00:00,41.5
12/17/2018 16:00:00,40.69
12/18/2018 16:00:00,39.73
12/19/2018 16:00:00,39.22
12/20/2018 16:00:00,38.1
12/21/2018 16:00:00,37.63
12/24/2018 13:00:00,36.11
12/26/2018 16:00:00,38.47
12/27/2018 16:00:00,38.67
12/28/2018 16:00:00,38.34
12/31/2018 16:00:00,38.53
1/2/2019 16:00:00,39.36
1/3/2019 16:00:00,38.98
1/4/2019 16:00:00,40.45
1/7/2019 16:00:00,41.08
1/8/2019 16:00:00,41.45
1/9/2019 16:00:00,42.1
1/10/2019 16:00:00,42.23
1/11/2019 16:00:00,41.93
1/14/2019 16:00:00,41.86
1/15/2019 16:00:00,42.03
1/16/2019 16:00:00,41.98
1/17/2019 16:00:00,42.38
1/18/2019 16:00:00,43.2
1/22/2019 16:00:00,42.16
1/23/2019 16:00:00,41.7
1/24/2019 16:00:00,41.97
1/25/2019 16:00:00,42.53
1/28/2019 16:00:00,42.07
1/29/2019 16:00:00,42.22
1/30/2019 16:00:00,42.84
1/31/2019 16:00:00,43.03
2/1/2019 16:00:00,43.78
2/4/2019 16:00:00,43.9
2/5/2019 16:00:00,43.92
2/6/2019 16:00:00,43.56
2/7/2019 16:00:00,42.56
2/8/2019 16:00:00,42.35
2/11/2019 16:00:00,42.58
2/12/2019 16:00:00,43.13
2/13/2019 16:00:00,43.68
2/14/2019 16:00:00,43.87
2/15/2019 16:00:00,44.61
2/19/2019 16:00:00,44.77
2/20/2019 16:00:00,44.97
2/21/2019 16:00:00,44.22
2/22/2019 16:00:00,44.37
2/25/2019 16:00:00,44.42
2/26/2019 16:00:00,44.21
2/27/2019 16:00:00,44.4
2/28/2019 16:00:00,43.94
3/1/2019 16:00:00,44.75
3/4/2019 16:00:00,44.87
3/5/2019 16:00:00,44.72
3/6/2019 16:00:00,44.07
3/7/2019 16:00:00,43.82
3/8/2019 16:00:00,42.94
3/11/2019 16:00:00,43.66
3/12/2019 16:00:00,44
3/13/2019 16:00:00,44.51
3/14/2019 16:00:00,44.55
3/15/2019 16:00:00,44.49
3/18/2019 16:00:00,45.18
3/19/2019 16:00:00,45.01
3/20/2019 16:00:00,45.14
3/21/2019 16:00:00,45.46
3/22/2019 16:00:00,44.17
3/25/2019 16:00:00,44.16
3/26/2019 16:00:00,44.81
3/27/2019 16:00:00,44.51
3/28/2019 16:00:00,44.7
3/29/2019 16:00:00,44.66
4/1/2019 16:00:00,45.29
4/2/2019 16:00:00,44.96
4/3/2019 16:00:00,44.47
4/4/2019 16:00:00,44.87
4/5/2019 16:00:00,45.69
4/8/2019 16:00:00,45.9
4/9/2019 16:00:00,45.3
4/10/2019 16:00:00,45.52
4/11/2019 16:00:00,45.49
4/12/2019 16:00:00,45.67
4/15/2019 16:00:00,45.38
4/16/2019 16:00:00,45.67
4/17/2019 16:00:00,45.61
4/18/2019 16:00:00,45.35
4/22/2019 16:00:00,46.36
4/23/2019 16:00:00,46.38
4/24/2019 16:00:00,45.5
4/25/2019 16:00:00,45.28
4/26/2019 16:00:00,44.77
4/29/2019 16:00:00,44.67
4/30/2019 16:00:00,44.57
5/1/2019 16:00:00,43.58
5/2/2019 16:00:00,42.83
5/3/2019 16:00:00,43.26
5/6/2019 16:00:00,43.26
5/7/2019 16:00:00,42.96
5/8/2019 16:00:00,42.92
5/9/2019 16:00:00,42.93
5/10/2019 16:00:00,43.14
5/13/2019 16:00:00,42.36
5/14/2019 16:00:00,42.93
5/15/2019 16:00:00,43.17
5/16/2019 16:00:00,43.43
5/17/2019 16:00:00,42.91
5/20/2019 16:00:00,42.88
5/21/2019 16:00:00,43.38
5/22/2019 16:00:00,42.6
5/23/2019 16:00:00,41.16
5/24/2019 16:00:00,41.21
5/28/2019 16:00:00,40.75
5/29/2019 16:00:00,40.56
5/30/2019 16:00:00,40.03
5/31/2019 16:00:00,39.37
6/3/2019 16:00:00,39.9
6/4/2019 16:00:00,40.61
6/5/2019 16:00:00,40.07
6/6/2019 16:00:00,40.72
6/7/2019 16:00:00,40.9
6/10/2019 16:00:00,40.99
6/11/2019 16:00:00,41.04
6/12/2019 16:00:00,40.34
6/13/2019 16:00:00,40.9
6/14/2019 16:00:00,40.52
6/17/2019 16:00:00,40.92
6/18/2019 16:00:00,41.52
6/19/2019 16:00:00,41.44
6/20/2019 16:00:00,42.05
6/21/2019 16:00:00,42.35
6/24/2019 16:00:00,41.93
6/25/2019 16:00:00,41.57
6/26/2019 16:00:00,42.27
6/27/2019 16:00:00,41.95
6/28/2019 16:00:00,42.5
7/1/2019 16:00:00,42.57
7/2/2019 16:00:00,41.75
7/3/2019 13:00:00,41.98
7/5/2019 16:00:00,42.07
7/8/2019 16:00:00,42.06
7/9/2019 16:00:00,42.09
7/10/2019 16:00:00,42.72
7/11/2019 16:00:00,42.74
7/12/2019 16:00:00,42.9
7/15/2019 16:00:00,42.42
7/16/2019 16:00:00,41.93
7/17/2019 16:00:00,41.37
7/18/2019 16:00:00,41.34
7/19/2019 16:00:00,41.57
7/22/2019 16:00:00,41.77
7/23/2019 16:00:00,41.9
7/24/2019 16:00:00,42.09
7/25/2019 16:00:00,41.51
7/26/2019 16:00:00,41.3
7/29/2019 16:00:00,41.08
7/30/2019 16:00:00,41.68
7/31/2019 16:00:00,41.49
8/1/2019 16:00:00,40.38
8/2/2019 16:00:00,39.82
8/5/2019 16:00:00,38.6
8/6/2019 16:00:00,38.54
8/7/2019 16:00:00,38.25
8/8/2019 16:00:00,39.32
8/9/2019 16:00:00,38.81
8/12/2019 16:00:00,38.37
8/13/2019 16:00:00,38.73
8/14/2019 16:00:00,37.12
8/15/2019 16:00:00,36.92
8/16/2019 16:00:00,37.52
8/19/2019 16:00:00,38.38
8/20/2019 16:00:00,38.03
8/21/2019 16:00:00,38.32
8/22/2019 16:00:00,38.08
8/23/2019 16:00:00,36.73
8/26/2019 16:00:00,36.9
8/27/2019 16:00:00,36.64
8/28/2019 16:00:00,37.26
8/29/2019 16:00:00,37.88
8/30/2019 16:00:00,37.84
9/3/2019 16:00:00,37.6
9/4/2019 16:00:00,38.18
9/5/2019 16:00:00,38.73
9/6/2019 16:00:00,38.88
9/9/2019 16:00:00,39.78
9/10/2019 16:00:00,40.29
9/11/2019 16:00:00,40.34
9/12/2019 16:00:00,40.05
9/13/2019 16:00:00,40.37
9/16/2019 16:00:00,41.99
9/17/2019 16:00:00,41.19
9/18/2019 16:00:00,40.95
9/19/2019 16:00:00,40.72
9/20/2019 16:00:00,40.76
9/23/2019 16:00:00,40.81
9/24/2019 16:00:00,40.06
9/25/2019 16:00:00,39.82
9/26/2019 16:00:00,39.26
9/27/2019 16:00:00,39.22
9/30/2019 16:00:00,38.96
10/1/2019 16:00:00,38.04
10/2/2019 16:00:00,37.06
10/3/2019 16:00:00,37.53
10/4/2019 16:00:00,37.72
10/7/2019 16:00:00,37.37
10/8/2019 16:00:00,36.67
10/9/2019 16:00:00,37.03
10/10/2019 16:00:00,37.5
10/11/2019 16:00:00,38.09
10/14/2019 16:00:00,37.97
10/15/2019 16:00:00,38.12
10/16/2019 16:00:00,37.62
10/17/2019 16:00:00,37.65
10/18/2019 16:00:00,37.39
10/21/2019 16:00:00,38.06
10/22/2019 16:00:00,38.57
10/23/2019 16:00:00,38.89
10/24/2019 16:00:00,38.72
10/25/2019 16:00:00,39.05
10/28/2019 16:00:00,38.8
10/29/2019 16:00:00,38.99
10/30/2019 16:00:00,38.13
10/31/2019 16:00:00,37.93
11/1/2019 16:00:00,38.94
11/4/2019 16:00:00,40.19
11/5/2019 16:00:00,40.32
11/6/2019 16:00:00,39.38
11/7/2019 16:00:00,39.99
11/8/2019 16:00:00,39.83
11/11/2019 16:00:00,39.55
11/12/2019 16:00:00,39.32
11/13/2019 16:00:00,39.06
11/14/2019 16:00:00,38.92
11/15/2019 16:00:00,39.29
11/18/2019 16:00:00,38.71
11/19/2019 16:00:00,38.1
11/20/2019 16:00:00,38.47
11/21/2019 16:00:00,39.09
11/22/2019 16:00:00,38.97
11/25/2019 16:00:00,39.11
11/26/2019 16:00:00,38.65
11/27/2019 16:00:00,38.8
11/29/2019 13:00:00,38.35
12/2/2019 16:00:00,38.35
12/3/2019 16:00:00,37.79
12/4/2019 16:00:00,38.43
12/5/2019 16:00:00,38.23
12/6/2019 16:00:00,39.04
12/9/2019 16:00:00,39
12/10/2019 16:00:00,39.1
12/11/2019 16:00:00,39.04
12/12/2019 16:00:00,39.87
12/13/2019 16:00:00,39.12
12/16/2019 16:00:00,39.72
12/17/2019 16:00:00,39.83
12/18/2019 16:00:00,39.98
12/19/2019 16:00:00,40.02
12/20/2019 16:00:00,40.31
12/23/2019 16:00:00,40.81
12/24/2019 13:00:00,40.8
12/26/2019 16:00:00,40.81
12/27/2019 16:00:00,40.57
12/30/2019 16:00:00,40.46
12/31/2019 16:00:00,40.74
1/2/2020 16:00:00,41.03
1/3/2020 16:00:00,40.99
1/6/2020 16:00:00,41.33
1/7/2020 16:00:00,41.23
1/8/2020 16:00:00,40.41
1/9/2020 16:00:00,40.68
1/10/2020 16:00:00,40.4
1/13/2020 16:00:00,40.39
1/14/2020 16:00:00,40.42
1/15/2020 16:00:00,40.14
1/16/2020 16:00:00,40.2
1/17/2020 16:00:00,39.91
1/21/2020 16:00:00,39.09
1/22/2020 16:00:00,38.69
1/23/2020 16:00:00,38.51
1/24/2020 16:00:00,38.01
1/27/2020 16:00:00,36.94
1/28/2020 16:00:00,37.14
1/29/2020 16:00:00,36.72
1/30/2020 16:00:00,37.01
1/31/2020 16:00:00,35.91
2/3/2020 16:00:00,35.44
2/4/2020 16:00:00,35.57
2/5/2020 16:00:00,36.93
2/6/2020 16:00:00,36.47
2/7/2020 16:00:00,36.16
2/10/2020 16:00:00,35.9
2/11/2020 16:00:00,36.3
2/12/2020 16:00:00,36.8
2/13/2020 16:00:00,36.64
2/14/2020 16:00:00,36.46
2/18/2020 16:00:00,36.17
2/19/2020 16:00:00,36.67
2/20/2020 16:00:00,36.64
2/21/2020 16:00:00,36.12
2/24/2020 16:00:00,34.39
2/25/2020 16:00:00,32.88
2/26/2020 16:00:00,31.87
2/27/2020 16:00:00,30.13
2/28/2020 16:00:00,30.56
3/2/2020 16:00:00,31.37
3/3/2020 16:00:00,30.38
3/4/2020 16:00:00,30.98
3/5/2020 16:00:00,29.82
3/6/2020 16:00:00,28.03
3/9/2020 16:00:00,21.82
3/10/2020 16:00:00,22.93
3/11/2020 16:00:00,21.62
3/12/2020 16:00:00,19.02
3/13/2020 16:00:00,20.84
3/16/2020 16:00:00,18.03
3/17/2020 16:00:00,18.12
3/18/2020 16:00:00,15.53
3/19/2020 16:00:00,16.63
3/20/2020 16:00:00,16.82
3/23/2020 16:00:00,15.67
3/24/2020 16:00:00,18.15
3/25/2020 16:00:00,18.89
3/26/2020 16:00:00,19.98
3/27/2020 16:00:00,18.61
3/30/2020 16:00:00,18.77
3/31/2020 16:00:00,19.1
4/1/2020 16:00:00,18.18
4/2/2020 16:00:00,19.81
4/3/2020 16:00:00,19.59
4/6/2020 16:00:00,20.61
4/7/2020 16:00:00,21.01
4/8/2020 16:00:00,22.44
4/9/2020 16:00:00,22.29
4/13/2020 16:00:00,22.24
4/14/2020 16:00:00,22.16
4/15/2020 16:00:00,21.17
4/16/2020 16:00:00,20.33
4/17/2020 16:00:00,22.39
4/20/2020 16:00:00,21.74
4/21/2020 16:00:00,21.41
4/22/2020 16:00:00,22.15
4/23/2020 16:00:00,22.85
4/24/2020 16:00:00,22.92
4/27/2020 16:00:00,23.4
4/28/2020 16:00:00,23.91
4/29/2020 16:00:00,25.74
4/30/2020 16:00:00,25.26
5/1/2020 16:00:00,23.7
5/4/2020 16:00:00,24.58
5/5/2020 16:00:00,24.58
5/6/2020 16:00:00,23.9
5/7/2020 16:00:00,24.49
5/8/2020 16:00:00,25.61
5/11/2020 16:00:00,25.18
5/12/2020 16:00:00,24.72
5/13/2020 16:00:00,23.6
5/14/2020 16:00:00,23.81
5/15/2020 16:00:00,23.79
5/18/2020 16:00:00,25.72
5/19/2020 16:00:00,24.99
5/20/2020 16:00:00,25.97
5/21/2020 16:00:00,25.6
5/22/2020 16:00:00,25.46
5/26/2020 16:00:00,26.22
5/27/2020 16:00:00,26.52
5/28/2020 16:00:00,25.76
5/29/2020 16:00:00,25.68
6/1/2020 16:00:00,26.11
6/2/2020 16:00:00,26.86
6/3/2020 16:00:00,27.67
6/4/2020 16:00:00,27.74
6/5/2020 16:00:00,29.94
6/8/2020 16:00:00,31.53
6/9/2020 16:00:00,30.23
6/10/2020 16:00:00,28.68
6/11/2020 16:00:00,25.91
6/12/2020 16:00:00,26.66
6/15/2020 16:00:00,26.76
6/16/2020 16:00:00,27.5
6/17/2020 16:00:00,26.54
6/18/2020 16:00:00,26.84
6/19/2020 16:00:00,26.06
6/22/2020 16:00:00,26.18
6/23/2020 16:00:00,26.17
6/24/2020 16:00:00,24.68
6/25/2020 16:00:00,25.15
6/26/2020 16:00:00,24.22
6/29/2020 16:00:00,24.6
6/30/2020 16:00:00,25.16
7/1/2020 16:00:00,24.54
7/2/2020 16:00:00,24.84
7/6/2020 16:00:00,24.96
7/7/2020 16:00:00,24.21
7/8/2020 16:00:00,24.19
7/9/2020 16:00:00,23.03
7/10/2020 16:00:00,23.75
7/13/2020 16:00:00,23.56
7/14/2020 16:00:00,24.4
7/15/2020 16:00:00,24.96
7/16/2020 16:00:00,24.83
7/17/2020 16:00:00,24.46
7/20/2020 16:00:00,24.05
7/21/2020 16:00:00,25.55
7/22/2020 16:00:00,25.2
7/23/2020 16:00:00,25.2
7/24/2020 16:00:00,25.05
7/27/2020 16:00:00,25.05
7/28/2020 16:00:00,24.62
7/29/2020 16:00:00,25.17
7/30/2020 16:00:00,24.24
7/31/2020 16:00:00,24.08
8/3/2020 16:00:00,24.22
8/4/2020 16:00:00,24.83
8/5/2020 16:00:00,25.15
8/6/2020 16:00:00,24.95
8/7/2020 16:00:00,25.02
8/10/2020 16:00:00,25.82
8/11/2020 16:00:00,25.71
8/12/2020 16:00:00,25.98
8/13/2020 16:00:00,25.47
8/14/2020 16:00:00,25.76
8/17/2020 16:00:00,25.61
8/18/2020 16:00:00,25.22
8/19/2020 16:00:00,24.94
8/20/2020 16:00:00,24.39
8/21/2020 16:00:00,24.19
8/24/2020 16:00:00,24.88
8/25/2020 16:00:00,24.57
8/26/2020 16:00:00,23.98
8/27/2020 16:00:00,24.07
8/28/2020 16:00:00,24.5
8/31/2020 16:00:00,23.93
9/1/2020 16:00:00,23.77
9/2/2020 16:00:00,23.62
9/3/2020 16:00:00,23.44
9/4/2020 16:00:00,23.38
9/8/2020 16:00:00,22.46
9/9/2020 16:00:00,22.6
9/10/2020 16:00:00,21.48
9/11/2020 16:00:00,21.52
9/14/2020 16:00:00,21.7
9/15/2020 16:00:00,21.54
9/16/2020 16:00:00,22.43
9/17/2020 16:00:00,22.46
9/18/2020 16:00:00,22.23
9/21/2020 16:00:00,21.48
9/22/2020 16:00:00,21.27
9/23/2020 16:00:00,20.28
9/24/2020 16:00:00,20.31
9/25/2020 16:00:00,20.28
9/28/2020 16:00:00,20.78
9/29/2020 16:00:00,20.24
9/30/2020 16:00:00,20.15
10/1/2020 16:00:00,19.54
10/2/2020 16:00:00,19.77
10/5/2020 16:00:00,20.38
10/6/2020 16:00:00,20.05
10/7/2020 16:00:00,20.37
10/8/2020 16:00:00,21.16
10/9/2020 16:00:00,20.83
10/12/2020 16:00:00,20.9
10/13/2020 16:00:00,20.57
10/14/2020 16:00:00,20.65
10/15/2020 16:00:00,20.9
10/16/2020 16:00:00,20.41
10/19/2020 16:00:00,20.01
10/20/2020 16:00:00,20.28
10/21/2020 16:00:00,19.9
10/22/2020 16:00:00,20.73
10/23/2020 16:00:00,20.62
10/26/2020 16:00:00,19.88
10/27/2020 16:00:00,19.62
10/28/2020 16:00:00,18.77
10/29/2020 16:00:00,19.34
10/30/2020 16:00:00,19.4
11/2/2020 16:00:00,20.07
11/3/2020 16:00:00,19.95
11/4/2020 16:00:00,19.94
11/5/2020 16:00:00,20
11/6/2020 16:00:00,19.57
11/9/2020 16:00:00,22.31
11/10/2020 16:00:00,22.98
11/11/2020 16:00:00,22.82
11/12/2020 16:00:00,22.03
11/13/2020 16:00:00,22.88
11/16/2020 16:00:00,24.33
11/17/2020 16:00:00,24.6
11/18/2020 16:00:00,23.94
11/19/2020 16:00:00,24.34
11/20/2020 16:00:00,24.18
11/23/2020 16:00:00,25.92
11/24/2020 16:00:00,27.24
11/25/2020 16:00:00,26.64
11/27/2020 13:00:00,26.31
11/30/2020 16:00:00,24.9
12/1/2020 16:00:00,25.02
12/2/2020 16:00:00,25.79
12/3/2020 16:00:00,26.07
12/4/2020 16:00:00,27.53
12/7/2020 16:00:00,26.85
12/8/2020 16:00:00,27.3
12/9/2020 16:00:00,27.37
12/10/2020 16:00:00,28.27
12/11/2020 16:00:00,27.94
12/14/2020 16:00:00,26.97
12/15/2020 16:00:00,27.53
12/16/2020 16:00:00,27.08
12/17/2020 16:00:00,26.95
12/18/2020 16:00:00,26.53
12/21/2020 16:00:00,26.06
12/22/2020 16:00:00,25.64
12/23/2020 16:00:00,26.26
12/24/2020 13:00:00,26.06
12/28/2020 16:00:00,25.87
12/29/2020 16:00:00,25.7
12/30/2020 16:00:00,26.15
12/31/2020 16:00:00,25.93
1/4/2021 16:00:00,26.01
1/5/2021 16:00:00,27.28
1/6/2021 16:00:00,28.12
1/7/2021 16:00:00,28.56
1/8/2021 16:00:00,28.47
1/11/2021 16:00:00,28.96
1/12/2021 16:00:00,30.03
1/13/2021 16:00:00,29.74
1/14/2021 16:00:00,30.65
1/15/2021 16:00:00,29.49
1/19/2021 16:00:00,30.05
1/20/2021 16:00:00,30.09
1/21/2021 16:00:00,29.06
1/22/2021 16:00:00,29
1/25/2021 16:00:00,28.73
1/26/2021 16:00:00,28.09
1/27/2021 16:00:00,27.76
1/28/2021 16:00:00,28.09
1/29/2021 16:00:00,27.21
2/1/2021 16:00:00,27.46
2/2/2021 16:00:00,27.77
2/3/2021 16:00:00,28.96
2/4/2021 16:00:00,29.24
2/5/2021 16:00:00,29.52
2/8/2021 16:00:00,30.79
2/9/2021 16:00:00,30.45
2/10/2021 16:00:00,31.02
2/11/2021 16:00:00,30.57
2/12/2021 16:00:00,31.05
2/16/2021 16:00:00,31.87
2/17/2021 16:00:00,32.28
2/18/2021 16:00:00,31.41
2/19/2021 16:00:00,31.96
2/22/2021 16:00:00,33
2/23/2021 16:00:00,33.49
2/24/2021 16:00:00,34.75
2/25/2021 16:00:00,34.04
2/26/2021 16:00:00,33.29
3/1/2021 16:00:00,34.21
3/2/2021 16:00:00,33.98
3/3/2021 16:00:00,34.47
3/4/2021 16:00:00,35.36
3/5/2021 16:00:00,36.71
3/8/2021 16:00:00,36.72
3/9/2021 16:00:00,35.98
3/10/2021 16:00:00,37.07
3/11/2021 16:00:00,37.18
3/12/2021 16:00:00,37.22
3/15/2021 16:00:00,36.83
3/16/2021 16:00:00,35.77
3/17/2021 16:00:00,36.09
3/18/2021 16:00:00,34.3
3/19/2021 16:00:00,34.47
3/22/2021 16:00:00,34.08
3/23/2021 16:00:00,33.4
3/24/2021 16:00:00,34.19
3/25/2021 16:00:00,34.02
3/26/2021 16:00:00,34.95
3/29/2021 16:00:00,34.4
3/30/2021 16:00:00,34.16
3/31/2021 16:00:00,33.93
4/1/2021 16:00:00,34.9
4/5/2021 16:00:00,33.99
4/6/2021 16:00:00,33.94
4/7/2021 16:00:00,34.1
4/8/2021 16:00:00,33.62
4/9/2021 16:00:00,33.38
4/12/2021 16:00:00,33.04
4/13/2021 16:00:00,33.06
4/14/2021 16:00:00,34.1
4/15/2021 16:00:00,33.81
4/16/2021 16:00:00,33.48
4/19/2021 16:00:00,33.46
4/20/2021 16:00:00,32.49
4/21/2021 16:00:00,32.96
4/22/2021 16:00:00,32.53
4/23/2021 16:00:00,32.87
4/26/2021 16:00:00,33.16
4/27/2021 16:00:00,33.56
4/28/2021 16:00:00,34.73
4/29/2021 16:00:00,35.05
4/30/2021 16:00:00,34.11
5/3/2021 16:00:00,35.12
5/4/2021 16:00:00,35.15
5/5/2021 16:00:00,36.31
5/6/2021 16:00:00,36.43
5/7/2021 16:00:00,37.22
5/10/2021 16:00:00,37.11
5/11/2021 16:00:00,36.28
5/12/2021 16:00:00,36.4
5/13/2021 16:00:00,35.9
5/14/2021 16:00:00,37.11
5/17/2021 16:00:00,38
5/18/2021 16:00:00,37.13
5/19/2021 16:00:00,36.22
5/20/2021 16:00:00,36.19
5/21/2021 16:00:00,36.28
5/24/2021 16:00:00,36.62
5/25/2021 16:00:00,35.84
5/26/2021 16:00:00,36.25
5/27/2021 16:00:00,36.34
5/28/2021 16:00:00,36.36
6/1/2021 16:00:00,37.86
6/2/2021 16:00:00,38.59
6/3/2021 16:00:00,38.73
6/4/2021 16:00:00,38.97
6/7/2021 16:00:00,38.87
6/8/2021 16:00:00,39.21
6/9/2021 16:00:00,38.97
6/10/2021 16:00:00,38.91
6/11/2021 16:00:00,38.86
6/14/2021 16:00:00,38.66
6/15/2021 16:00:00,39.46
6/16/2021 16:00:00,39.3
6/17/2021 16:00:00,37.82
6/18/2021 16:00:00,36.44
6/21/2021 16:00:00,38.03
6/22/2021 16:00:00,38.26
6/23/2021 16:00:00,38.4
6/24/2021 16:00:00,38.76
6/25/2021 16:00:00,38.94
6/28/2021 16:00:00,37.6
6/29/2021 16:00:00,37.43
6/30/2021 16:00:00,37.93
7/1/2021 16:00:00,38.61
7/2/2021 16:00:00,38.46
7/6/2021 16:00:00,37.2
7/7/2021 16:00:00,36.54
7/8/2021 16:00:00,36.43
7/9/2021 16:00:00,37.21
7/12/2021 16:00:00,37.14
7/13/2021 16:00:00,36.82
7/14/2021 16:00:00,35.68
7/15/2021 16:00:00,35.15
7/16/2021 16:00:00,34.15
7/19/2021 16:00:00,32.91
7/20/2021 16:00:00,33.44
7/21/2021 16:00:00,34.66
7/22/2021 16:00:00,34.24
7/23/2021 16:00:00,34.08
7/26/2021 16:00:00,34.97
7/27/2021 16:00:00,34.51
7/28/2021 16:00:00,34.88
7/29/2021 16:00:00,35.16
7/30/2021 16:00:00,34.59
8/2/2021 16:00:00,34.3
8/3/2021 16:00:00,34.91
8/4/2021 16:00:00,33.84
8/5/2021 16:00:00,34.3
8/6/2021 16:00:00,34.62
8/9/2021 16:00:00,34.11
8/10/2021 16:00:00,34.78
8/11/2021 16:00:00,35.01
8/12/2021 16:00:00,34.97
8/13/2021 16:00:00,34.44
8/16/2021 16:00:00,33.77
8/17/2021 16:00:00,33.5
8/18/2021 16:00:00,32.78
8/19/2021 16:00:00,31.88
8/20/2021 16:00:00,31.99
8/23/2021 16:00:00,33.22
8/24/2021 16:00:00,33.8
8/25/2021 16:00:00,34.09
8/26/2021 16:00:00,33.57
8/27/2021 16:00:00,34.59
8/30/2021 16:00:00,34.16
8/31/2021 16:00:00,33.97
9/1/2021 16:00:00,33.56
9/2/2021 16:00:00,34.43
9/3/2021 16:00:00,34.26
9/7/2021 16:00:00,34.07
9/8/2021 16:00:00,33.64
9/9/2021 16:00:00,33.69
9/10/2021 16:00:00,33.68
9/13/2021 16:00:00,34.72
9/14/2021 16:00:00,34.13
9/15/2021 16:00:00,35.51
9/16/2021 16:00:00,35.1
9/17/2021 16:00:00,34.78
9/20/2021 16:00:00,33.72
9/21/2021 16:00:00,33.83
9/22/2021 16:00:00,34.87
9/23/2021 16:00:00,36.1
9/24/2021 16:00:00,36.36
9/27/2021 16:00:00,37.79
9/28/2021 16:00:00,37.4
9/29/2021 16:00:00,37.39
9/30/2021 16:00:00,36.91
10/1/2021 16:00:00,38.06
10/4/2021 16:00:00,38.76
10/5/2021 16:00:00,38.97
10/6/2021 16:00:00,38.44
10/7/2021 16:00:00,38.84
10/8/2021 16:00:00,39.95
10/11/2021 16:00:00,39.82
10/12/2021 16:00:00,39.81
10/13/2021 16:00:00,39.81
10/14/2021 16:00:00,40.32
10/15/2021 16:00:00,40.51
10/18/2021 16:00:00,40.6
10/19/2021 16:00:00,41
10/20/2021 16:00:00,41.34
10/21/2021 16:00:00,40.58
10/22/2021 16:00:00,40.98
10/25/2021 16:00:00,41.63
10/26/2021 16:00:00,41.82
10/27/2021 16:00:00,40.58
10/28/2021 16:00:00,40.86
10/29/2021 16:00:00,40.56
11/1/2021 16:00:00,41.29
11/2/2021 16:00:00,40.9
11/3/2021 16:00:00,40.57
11/4/2021 16:00:00,40.57
11/5/2021 16:00:00,41.23
11/8/2021 16:00:00,41.62
11/9/2021 16:00:00,41.75
11/10/2021 16:00:00,40.53
11/11/2021 16:00:00,40.73
11/12/2021 16:00:00,40.58
11/15/2021 16:00:00,40.87
11/16/2021 16:00:00,40.93
11/17/2021 16:00:00,40.22
11/18/2021 16:00:00,40.03
11/19/2021 16:00:00,38.45
11/22/2021 16:00:00,39.07
11/23/2021 16:00:00,40.29
11/24/2021 16:00:00,40.71
11/26/2021 13:00:00,38.97
11/29/2021 16:00:00,39.24
11/30/2021 16:00:00,38.22
12/1/2021 16:00:00,37.68
12/2/2021 16:00:00,38.78
12/3/2021 16:00:00,38.46
12/6/2021 16:00:00,39.14
12/7/2021 16:00:00,40.1
12/8/2021 16:00:00,40.14
12/9/2021 16:00:00,39.75
12/10/2021 16:00:00,40.06
12/13/2021 16:00:00,38.88
12/14/2021 16:00:00,38.68
12/15/2021 16:00:00,38.1
12/16/2021 16:00:00,38.26
12/17/2021 16:00:00,37.5
12/20/2021 16:00:00,37.02
12/21/2021 16:00:00,38.19
12/22/2021 16:00:00,38.39
12/23/2021 16:00:00,38.42
12/27/2021 16:00:00,39.32
12/28/2021 16:00:00,39.23
12/29/2021 16:00:00,38.99
12/30/2021 16:00:00,38.67
12/31/2021 16:00:00,38.76
1/3/2022 16:00:00,40.02
1/4/2022 16:00:00,41.4
1/5/2022 16:00:00,41.22
1/6/2022 16:00:00,42.2
1/7/2022 16:00:00,42.71
1/10/2022 16:00:00,42.6
1/11/2022 16:00:00,44.06
1/12/2022 16:00:00,44.21
1/13/2022 16:00:00,43.88
1/14/2022 16:00:00,44.97
1/18/2022 16:00:00,44.99
1/19/2022 16:00:00,44.63
1/20/2022 16:00:00,44.09
1/21/2022 16:00:00,43.15
1/24/2022 16:00:00,43.46
1/25/2022 16:00:00,45.13
1/26/2022 16:00:00,45.01
1/27/2022 16:00:00,45.47
1/28/2022 16:00:00,45.34
1/31/2022 16:00:00,45.54
2/1/2022 16:00:00,47.19
2/2/2022 16:00:00,47.38
2/3/2022 16:00:00,46.85
2/4/2022 16:00:00,47.56
2/7/2022 16:00:00,48.05
2/8/2022 16:00:00,47.01
2/9/2022 16:00:00,47.45
2/10/2022 16:00:00,47.17
2/11/2022 16:00:00,48.58
2/14/2022 16:00:00,47.49
2/15/2022 16:00:00,46.98
2/16/2022 16:00:00,47.29
2/17/2022 16:00:00,47.23
2/18/2022 16:00:00,46.84
2/22/2022 16:00:00,46.1
2/23/2022 16:00:00,46.61
2/24/2022 16:00:00,46.43
2/25/2022 16:00:00,47.63
2/28/2022 16:00:00,49
3/1/2022 16:00:00,49.48
3/2/2022 16:00:00,50.64
3/3/2022 16:00:00,50.73
3/4/2022 16:00:00,52.3
3/7/2022 16:00:00,53.11
3/8/2022 16:00:00,53.73
3/9/2022 16:00:00,52.23
3/10/2022 16:00:00,53.77
3/11/2022 16:00:00,53.24
3/14/2022 16:00:00,51.59
3/15/2022 16:00:00,49.85
3/16/2022 16:00:00,49.7
3/17/2022 16:00:00,51.49
3/18/2022 16:00:00,51.56
3/21/2022 16:00:00,53.45
3/22/2022 16:00:00,53.09
3/23/2022 16:00:00,53.64
3/24/2022 16:00:00,53.81
3/25/2022 16:00:00,55.27
3/28/2022 16:00:00,53.8
3/29/2022 16:00:00,53.62
3/30/2022 16:00:00,54.22
3/31/2022 16:00:00,53.49
4/1/2022 16:00:00,54.13
4/4/2022 16:00:00,54.16
4/5/2022 16:00:00,53.27
4/6/2022 16:00:00,53.53
4/7/2022 16:00:00,54.19
4/8/2022 16:00:00,55.63
4/11/2022 16:00:00,53.98
4/12/2022 16:00:00,54.91
4/13/2022 16:00:00,55.75
4/14/2022 16:00:00,56.02
4/18/2022 16:00:00,56.9
4/19/2022 16:00:00,56.32
4/20/2022 16:00:00,56.61
4/21/2022 16:00:00,54.76
4/22/2022 16:00:00,53.31
4/25/2022 16:00:00,51.6
4/26/2022 16:00:00,51.59
4/27/2022 16:00:00,52.35
4/28/2022 16:00:00,53.96
4/29/2022 16:00:00,52.59
5/2/2022 16:00:00,53.18
5/3/2022 16:00:00,54.83
5/4/2022 16:00:00,57.06
5/5/2022 16:00:00,56.12
5/6/2022 16:00:00,57.56
5/9/2022 16:00:00,52.63
5/10/2022 16:00:00,53.03
5/11/2022 16:00:00,53.69
5/12/2022 16:00:00,53.81
5/13/2022 16:00:00,55.67
5/16/2022 16:00:00,57.1
5/17/2022 16:00:00,57.91
5/18/2022 16:00:00,56.35
5/19/2022 16:00:00,56.2
5/20/2022 16:00:00,56.47
5/23/2022 16:00:00,58.08
5/24/2022 16:00:00,58.27
5/25/2022 16:00:00,59.58
5/26/2022 16:00:00,60.36
5/27/2022 16:00:00,61.56
5/31/2022 16:00:00,60.55
6/1/2022 16:00:00,61.73
6/2/2022 16:00:00,61.59
6/3/2022 16:00:00,62.38
6/6/2022 16:00:00,62.41
6/7/2022 16:00:00,64.44
6/8/2022 16:00:00,64.35
6/9/2022 16:00:00,62.92
6/10/2022 16:00:00,61.86
6/13/2022 16:00:00,58.56
6/14/2022 16:00:00,58.49
6/15/2022 16:00:00,57.38
6/16/2022 16:00:00,54.17
6/17/2022 16:00:00,51.18
6/21/2022 16:00:00,53.73
6/22/2022 16:00:00,50.84
6/23/2022 16:00:00,48.91
6/24/2022 16:00:00,49.77
6/27/2022 16:00:00,51.3
6/28/2022 16:00:00,52.67
6/29/2022 16:00:00,50.85
6/30/2022 16:00:00,49.69
7/1/2022 16:00:00,50.35
7/5/2022 16:00:00,48.22
7/6/2022 16:00:00,47.33
7/7/2022 16:00:00,49.21
7/8/2022 16:00:00,49.17
7/11/2022 16:00:00,48.69
7/12/2022 16:00:00,47.69
7/13/2022 16:00:00,47.72
7/14/2022 16:00:00,46.86
7/15/2022 16:00:00,47.76
7/18/2022 16:00:00,48.78
7/19/2022 16:00:00,50.37
7/20/2022 16:00:00,51
7/21/2022 16:00:00,50.12
7/22/2022 16:00:00,49.61
7/25/2022 16:00:00,51.6
7/26/2022 16:00:00,51.24
7/27/2022 16:00:00,52.46
7/28/2022 16:00:00,52.65
7/29/2022 16:00:00,54.92
8/1/2022 16:00:00,53.73
8/2/2022 16:00:00,53.66
8/3/2022 16:00:00,52.2
8/4/2022 16:00:00,50.28
8/5/2022 16:00:00,51.34
8/8/2022 16:00:00,51.59
8/9/2022 16:00:00,52.52
8/10/2022 16:00:00,52.97
8/11/2022 16:00:00,54.84
8/12/2022 16:00:00,55.31
8/15/2022 16:00:00,54.2
8/16/2022 16:00:00,54.1
8/17/2022 16:00:00,54.55
8/18/2022 16:00:00,56.17
8/19/2022 16:00:00,56.02
8/22/2022 16:00:00,55.97
8/23/2022 16:00:00,57.85
8/24/2022 16:00:00,58.61
8/25/2022 16:00:00,59
8/26/2022 16:00:00,58.35
8/29/2022 16:00:00,59.18
8/30/2022 16:00:00,57.04
8/31/2022 16:00:00,56.67
9/1/2022 16:00:00,55.28
9/2/2022 16:00:00,56.45
9/6/2022 16:00:00,55.77
9/7/2022 16:00:00,55.12
9/8/2022 16:00:00,55.47
9/9/2022 16:00:00,56.86
9/12/2022 16:00:00,57.84
9/13/2022 16:00:00,56.42
9/14/2022 16:00:00,58.17
9/15/2022 16:00:00,56.65
9/16/2022 16:00:00,55.32
9/19/2022 16:00:00,55.43
9/20/2022 16:00:00,55.03
9/21/2022 16:00:00,54.17
9/22/2022 16:00:00,53.85
9/23/2022 16:00:00,50.12
9/26/2022 16:00:00,48.79
9/27/2022 16:00:00,48.83
9/28/2022 16:00:00,51.14
9/29/2022 16:00:00,51.04
9/30/2022 16:00:00,50.68
10/3/2022 16:00:00,53.55
10/4/2022 16:00:00,55.84
10/5/2022 16:00:00,56.96
10/6/2022 16:00:00,57.89
10/7/2022 16:00:00,57.43
10/10/2022 16:00:00,56.25
10/11/2022 16:00:00,55.86
10/12/2022 16:00:00,56.29
10/13/2022 16:00:00,58.56
10/14/2022 16:00:00,56.33
10/17/2022 16:00:00,57.1
10/18/2022 16:00:00,57.54
10/19/2022 16:00:00,59.17
10/20/2022 16:00:00,59.21
10/21/2022 16:00:00,60.77
10/24/2022 16:00:00,60.97
10/25/2022 16:00:00,61.04
10/26/2022 16:00:00,61.91
10/27/2022 16:00:00,62.05
10/28/2022 16:00:00,62.41
10/31/2022 16:00:00,62.89
11/1/2022 16:00:00,63.52
11/2/2022 16:00:00,62.13
11/3/2022 16:00:00,63.36
11/4/2022 16:00:00,64.07
11/7/2022 16:00:00,65.31
11/8/2022 16:00:00,65.3
11/9/2022 16:00:00,61.97
11/10/2022 16:00:00,63.49
11/11/2022 16:00:00,65.3
11/14/2022 16:00:00,65.04
11/15/2022 16:00:00,65.89
11/16/2022 16:00:00,64.51
11/17/2022 16:00:00,64.61
11/18/2022 16:00:00,64.08
11/21/2022 16:00:00,63.13
11/22/2022 16:00:00,65.23
11/23/2022 16:00:00,64.46
11/25/2022 13:00:00,64.28
11/28/2022 16:00:00,62.49
11/29/2022 16:00:00,63.35
11/30/2022 16:00:00,63.8
12/1/2022 16:00:00,63.41
12/2/2022 16:00:00,63.09
12/5/2022 16:00:00,61.07
12/6/2022 16:00:00,59.47
12/7/2022 16:00:00,59.26
12/8/2022 16:00:00,58.89
12/9/2022 16:00:00,57.57
12/12/2022 16:00:00,59.1
12/13/2022 16:00:00,60.18
12/14/2022 16:00:00,59.14
12/15/2022 16:00:00,58.87
12/16/2022 16:00:00,58.05
12/19/2022 16:00:00,57.98
12/20/2022 16:00:00,58.85
12/21/2022 16:00:00,60.02
12/22/2022 16:00:00,58.55
12/23/2022 16:00:00,60.45
12/27/2022 16:00:00,61.06
12/28/2022 16:00:00,59.51
12/29/2022 16:00:00,60.19
12/30/2022 16:00:00,60.6
1/3/2023 16:00:00,58.18
1/4/2023 16:00:00,58.28
1/5/2023 16:00:00,59.25
1/6/2023 16:00:00,60.29
1/9/2023 16:00:00,60.18
1/10/2023 16:00:00,60.65
1/11/2023 16:00:00,60.88
1/12/2023 16:00:00,62.1
1/13/2023 16:00:00,62.24
1/17/2023 16:00:00,62.3
1/18/2023 16:00:00,61.15
1/19/2023 16:00:00,61.83
1/20/2023 16:00:00,62.65
1/23/2023 16:00:00,62.65
1/24/2023 16:00:00,62.46
1/25/2023 16:00:00,62.44
1/26/2023 16:00:00,64.33
1/27/2023 16:00:00,63.16
1/30/2023 16:00:00,61.74
1/31/2023 16:00:00,62.38
2/1/2023 16:00:00,61.26
2/2/2023 16:00:00,59.82
2/3/2023 16:00:00,59.69
2/6/2023 16:00:00,59.37
2/7/2023 16:00:00,61.2
2/8/2023 16:00:00,60.69
2/9/2023 16:00:00,60.15
2/10/2023 16:00:00,62.5
2/13/2023 16:00:00,62.28
2/14/2023 16:00:00,62.35
2/15/2023 16:00:00,61.42
2/16/2023 16:00:00,60.81
2/17/2023 16:00:00,58.58
2/21/2023 16:00:00,58.23
2/22/2023 16:00:00,57.83
2/23/2023 16:00:00,58.74
2/24/2023 16:00:00,58.86
2/27/2023 16:00:00,59.09
2/28/2023 16:00:00,58.27
3/1/2023 16:00:00,59.41
3/2/2023 16:00:00,59.98
3/3/2023 16:00:00,60.86
3/6/2023 16:00:00,60.69
3/7/2023 16:00:00,59.66
3/8/2023 16:00:00,59.03
3/9/2023 16:00:00,58.07
3/10/2023 16:00:00,57.23
3/13/2023 16:00:00,56.01
3/14/2023 16:00:00,56.48
3/15/2023 16:00:00,53.41
3/16/2023 16:00:00,54.03
3/17/2023 16:00:00,53.12
3/20/2023 16:00:00,54.25
3/21/2023 16:00:00,56.07
3/22/2023 16:00:00,54.84
3/23/2023 16:00:00,53.56
3/24/2023 16:00:00,53.74
3/27/2023 16:00:00,54.94
3/28/2023 16:00:00,55.79
3/29/2023 16:00:00,56.55
3/30/2023 16:00:00,56.69
3/31/2023 16:00:00,57.11
4/3/2023 16:00:00,59.79
4/4/2023 16:00:00,58.65
4/5/2023 16:00:00,59.41
4/6/2023 16:00:00,58.53
4/10/2023 16:00:00,59.01
4/11/2023 16:00:00,59.54
4/12/2023 16:00:00,59.54
4/13/2023 16:00:00,59.9
4/14/2023 16:00:00,59.98
4/17/2023 16:00:00,59.23
4/18/2023 16:00:00,59.4
4/19/2023 16:00:00,59.19
4/20/2023 16:00:00,58.63
4/21/2023 16:00:00,58.25
4/24/2023 16:00:00,59.19
4/25/2023 16:00:00,57.94
4/26/2023 16:00:00,57.2
4/27/2023 16:00:00,57.47
4/28/2023 16:00:00,58.41
5/1/2023 16:00:00,57.76
5/2/2023 16:00:00,55.3
5/3/2023 16:00:00,54.22
5/4/2023 16:00:00,53.67
5/5/2023 16:00:00,55.19
5/8/2023 16:00:00,55.22
5/9/2023 16:00:00,55.24
5/10/2023 16:00:00,54.69
5/11/2023 16:00:00,53.99
5/12/2023 16:00:00,54.11
5/15/2023 16:00:00,54.47
5/16/2023 16:00:00,53.09
5/17/2023 16:00:00,54.16
5/18/2023 16:00:00,54.59
5/19/2023 16:00:00,54.94
5/22/2023 16:00:00,54.94
5/23/2023 16:00:00,55.45
5/24/2023 16:00:00,55.7
5/25/2023 16:00:00,54.6
5/26/2023 16:00:00,54.4
5/30/2023 16:00:00,53.84
5/31/2023 16:00:00,52.89
6/1/2023 16:00:00,53.62
6/2/2023 16:00:00,55.33
6/5/2023 16:00:00,54.92
6/6/2023 16:00:00,55.36
6/7/2023 16:00:00,56.89
6/8/2023 16:00:00,56.67
6/9/2023 16:00:00,56.33
6/12/2023 16:00:00,55.69
6/13/2023 16:00:00,56
6/14/2023 16:00:00,55.45
6/15/2023 16:00:00,56.1
6/16/2023 16:00:00,56.06
6/20/2023 16:00:00,54.86
6/21/2023 16:00:00,55.38
6/22/2023 16:00:00,54.61
6/23/2023 16:00:00,54.16
6/26/2023 16:00:00,55.07
6/27/2023 16:00:00,55.26
6/28/2023 16:00:00,55.28
6/29/2023 16:00:00,55.99
6/30/2023 16:00:00,56.38
7/3/2023 13:00:00,56.57
7/5/2023 16:00:00,56.27
7/6/2023 16:00:00,54.97
7/7/2023 16:00:00,56.24
7/10/2023 16:00:00,56.65
7/11/2023 16:00:00,57.94
7/12/2023 16:00:00,58.37
7/13/2023 16:00:00,58.2
7/14/2023 16:00:00,56.61
7/17/2023 16:00:00,56.64
7/18/2023 16:00:00,57.36
7/19/2023 16:00:00,57.64
7/20/2023 16:00:00,58.29
7/21/2023 16:00:00,58.72
7/24/2023 16:00:00,59.69
7/25/2023 16:00:00,60.02
7/26/2023 16:00:00,59.99
7/27/2023 16:00:00,59.61
7/28/2023 16:00:00,59.91
7/31/2023 16:00:00,61.05
8/1/2023 16:00:00,60.78
8/2/2023 16:00:00,59.99
8/3/2023 16:00:00,60.67
8/4/2023 16:00:00,60.75
8/7/2023 16:00:00,60.87
8/8/2023 16:00:00,61.18
8/9/2023 16:00:00,61.95
8/10/2023 16:00:00,61.88
8/11/2023 16:00:00,62.8
8/14/2023 16:00:00,62.51
8/15/2023 16:00:00,61.21
8/16/2023 16:00:00,60.73
8/17/2023 16:00:00,61.48
8/18/2023 16:00:00,62.05
8/21/2023 16:00:00,61.73
8/22/2023 16:00:00,61.28
8/23/2023 16:00:00,61.08
8/24/2023 16:00:00,60.59
8/25/2023 16:00:00,61.2
8/28/2023 16:00:00,61.64
8/29/2023 16:00:00,61.87
8/30/2023 16:00:00,62.19
8/31/2023 16:00:00,62.25
9/1/2023 16:00:00,63.57
9/5/2023 16:00:00,63.79
9/6/2023 16:00:00,63.82
9/7/2023 16:00:00,63.68
9/8/2023 16:00:00,64.33
9/11/2023 16:00:00,63.49
9/12/2023 16:00:00,64.96
9/13/2023 16:00:00,64.41
9/14/2023 16:00:00,65.21
9/15/2023 16:00:00,64.36
9/18/2023 16:00:00,64.74
9/19/2023 16:00:00,64.16
9/20/2023 16:00:00,63.56
9/21/2023 16:00:00,62.69
9/22/2023 16:00:00,62.8
9/25/2023 16:00:00,63.66
9/26/2023 16:00:00,63.31
9/27/2023 16:00:00,64.54
9/28/2023 16:00:00,64.59
9/29/2023 16:00:00,63.32
10/2/2023 16:00:00,61.99
10/3/2023 16:00:00,61.95
10/4/2023 16:00:00,59.86
10/5/2023 16:00:00,59.61
10/6/2023 16:00:00,59.96
10/9/2023 16:00:00,62.1
10/10/2023 16:00:00,62.14
10/11/2023 16:00:00,61.46
10/12/2023 16:00:00,61.48
10/13/2023 16:00:00,62.81
10/16/2023 16:00:00,63.19
10/17/2023 16:00:00,63.83
10/18/2023 16:00:00,64.35
10/19/2023 16:00:00,64.25
10/20/2023 16:00:00,63.15
10/23/2023 16:00:00,62.17
10/24/2023 16:00:00,61.38
10/25/2023 16:00:00,61.24
10/26/2023 16:00:00,60.79
10/27/2023 16:00:00,59.54
10/30/2023 16:00:00,59.69
10/31/2023 16:00:00,59.9
11/1/2023 16:00:00,59.77
11/2/2023 16:00:00,61.61
11/3/2023 16:00:00,61.03
11/6/2023 16:00:00,60.17
11/7/2023 16:00:00,58.74
11/8/2023 16:00:00,58.03
11/9/2023 16:00:00,57.87
11/10/2023 16:00:00,58.48
11/13/2023 16:00:00,58.91
11/14/2023 16:00:00,59.47
11/15/2023 16:00:00,59.31
11/16/2023 16:00:00,58.13
11/17/2023 16:00:00,59.34
11/20/2023 16:00:00,59.41
11/21/2023 16:00:00,59.26
11/22/2023 16:00:00,59.23
11/24/2023 13:00:00,59.52
11/27/2023 16:00:00,59.25
11/28/2023 16:00:00,59.23
11/29/2023 16:00:00,58.81
11/30/2023 16:00:00,59.21
12/1/2023 16:00:00,59.55
12/4/2023 16:00:00,59.15
12/5/2023 16:00:00,58.1
12/6/2023 16:00:00,57.07
12/7/2023 16:00:00,56.8
12/8/2023 16:00:00,57.46
12/11/2023 16:00:00,57.46
12/12/2023 16:00:00,56.63
12/13/2023 16:00:00,57.42
12/14/2023 16:00:00,59.16
12/15/2023 16:00:00,58.85
12/18/2023 16:00:00,58.82
12/19/2023 16:00:00,59.54
12/20/2023 16:00:00,58.92
12/21/2023 16:00:00,59.22
12/22/2023 16:00:00,59.38
12/26/2023 16:00:00,59.96
12/27/2023 16:00:00,59.65
12/28/2023 16:00:00,58.79
12/29/2023 16:00:00,58.6
1/2/2024 16:00:00,59.17
1/3/2024 16:00:00,59.95
1/4/2024 16:00:00,58.96
1/5/2024 16:00:00,59.07
1/8/2024 16:00:00,58.4
1/9/2024 16:00:00,57.5
1/10/2024 16:00:00,56.91
1/11/2024 16:00:00,56.98
1/12/2024 16:00:00,57.71
1/16/2024 16:00:00,56.35
1/17/2024 16:00:00,55.88
1/18/2024 16:00:00,55.83
1/19/2024 16:00:00,56.01